{
  "vocab": {
    "so": 44,
    "happy": 18,
    "to": 51,
    "be": 7,
    "stuck": 46,
    "in": 22,
    "traffic": 52,
    "for": 14,
    "two": 53,
    "hours": 20,
    "what": 58,
    "wonderful": 61,
    "day": 9,
    "forget": 15,
    "my": 36,
    "umbrella": 54,
    "love": 31,
    "when": 59,
    "internet": 23,
    "stops": 45,
    "working": 63,
    "during": 10,
    "meetings": 33,
    "the": 49,
    "food": 13,
    "was": 57,
    "absolutely": 0,
    "amazing": 3,
    "just": 26,
    "kidding": 27,
    "it": 25,
    "terrible": 47,
    "won": 60,
    "lottery": 30,
    "lost": 29,
    "wallet": 56,
    "looking": 28,
    "forward": 16,
    "monday": 34,
    "said": 42,
    "no": 37,
    "one": 38,
    "ever": 11,
    "raining": 40,
    "again": 1,
    "how": 21,
    "lovely": 32,
    "product": 39,
    "great": 17,
    "and": 4,
    "worked": 62,
    "as": 6,
    "expected": 12,
    "thank": 48,
    "you": 65,
    "your": 66,
    "help": 19,
    "really": 41,
    "appreciated": 5,
    "this": 50,
    "is": 24,
    "best": 8,
    "movie": 35,
    "ve": 55,
    "seen": 43,
    "all": 2,
    "year": 64
  },
  "classes": [
    0,
    1
  ],
  "class_log_prior": [
    -1.2039728043259361,
    -0.35667494393873267
  ],
  "feature_log_prob": [
    [
      -4.532599493153256,
      -4.532599493153256,
      -3.839452312593311,
      -4.532599493153256,
      -3.839452312593311,
      -3.839452312593311,
      -3.839452312593311,
      -4.532599493153256,
      -3.839452312593311,
      -4.532599493153256,
      -4.532599493153256,
      -4.532599493153256,
      -3.839452312593311,
      -4.532599493153256,
      -3.839452312593311,
      -4.532599493153256,
      -4.532599493153256,
      -3.839452312593311,
      -4.532599493153256,
      -3.839452312593311,
      -4.532599493153256,
      -4.532599493153256,
      -4.532599493153256,
      -4.532599493153256,
      -3.839452312593311,
      -3.839452312593311,
      -4.532599493153256,
      -4.532599493153256,
      -4.532599493153256,
      -4.532599493153256,
      -4.532599493153256,
      -4.532599493153256,
      -4.532599493153256,
      -4.532599493153256,
      -4.532599493153256,
      -3.839452312593311,
      -4.532599493153256,
      -4.532599493153256,
      -4.532599493153256,
      -3.839452312593311,
      -4.532599493153256,
      -3.839452312593311,
      -4.532599493153256,
      -3.839452312593311,
      -4.532599493153256,
      -4.532599493153256,
      -4.532599493153256,
      -4.532599493153256,
      -3.839452312593311,
      -3.4339872044851463,
      -3.839452312593311,
      -4.532599493153256,
      -4.532599493153256,
      -4.532599493153256,
      -4.532599493153256,
      -3.839452312593311,
      -4.532599493153256,
      -3.4339872044851463,
      -4.532599493153256,
      -4.532599493153256,
      -4.532599493153256,
      -4.532599493153256,
      -3.839452312593311,
      -4.532599493153256,
      -3.839452312593311,
      -3.839452312593311,
      -3.839452312593311
    ],
    [
      -4.119037174812472,
      -4.119037174812472,
      -4.812184355372417,
      -4.119037174812472,
      -4.812184355372417,
      -4.812184355372417,
      -4.812184355372417,
      -4.119037174812472,
      -4.812184355372417,
      -4.119037174812472,
      -4.119037174812472,
      -4.119037174812472,
      -4.812184355372417,
      -4.119037174812472,
      -4.119037174812472,
      -4.119037174812472,
      -4.119037174812472,
      -4.812184355372417,
      -4.119037174812472,
      -4.812184355372417,
      -4.119037174812472,
      -4.119037174812472,
      -4.119037174812472,
      -4.119037174812472,
      -4.812184355372417,
      -3.713572066704307,
      -3.713572066704307,
      -3.713572066704307,
      -4.119037174812472,
      -4.119037174812472,
      -4.119037174812472,
      -4.119037174812472,
      -4.119037174812472,
      -4.119037174812472,
      -4.119037174812472,
      -4.812184355372417,
      -3.4258899942525263,
      -4.119037174812472,
      -4.119037174812472,
      -4.812184355372417,
      -4.119037174812472,
      -4.812184355372417,
      -4.119037174812472,
      -4.812184355372417,
      -4.119037174812472,
      -4.119037174812472,
      -4.119037174812472,
      -4.119037174812472,
      -4.812184355372417,
      -3.713572066704307,
      -4.812184355372417,
      -3.4258899942525263,
      -4.119037174812472,
      -4.119037174812472,
      -4.119037174812472,
      -4.812184355372417,
      -4.119037174812472,
      -3.713572066704307,
      -4.119037174812472,
      -4.119037174812472,
      -4.119037174812472,
      -4.119037174812472,
      -4.812184355372417,
      -4.119037174812472,
      -4.812184355372417,
      -4.812184355372417,
      -4.812184355372417
    ]
  ]
}